,State,Count,Percentage
0,No Fault,4,66.66666666666666
1,Violation,2,33.33333333333333
