,Alabama,,Alaska,,Arizona,,Arkansas,,California,,Colorado,
Retention,75000,75000,75000,75000,75000,75000,75000,75000,75000,75000,75000,75000
MU,297.5428,375.6325,297.3428,375.126325,297.4428,375.7325,297.25628,375.89525,297.25628,375.89525,297.25628,375.89525
SIGMA,209.65,213.256,209.42,213.183,209.258,213.2598,209.12358,213.12587,209.12358,213.12587,209.12358,213.12587
MAX CLAIM,2500000,2500000,2500000,2500000,2500000,2500000,2500000,2500000,2500000,2500000,2500000,2500000
