Parameter,Incurred,Paid,Incurred,Paid,Incurred,Paid,Incurred,Paid
Retention,100000,100000,100000,100000,100000,100000,100000,100000
MU,121.5428,199.6325,121.3428,199.126325,121.4428,199.7325,121.25628,199.89525
SIGMA,33.65,37.256,33.42,37.183,33.258,37.2598,33.12358,37.12587
MAX CLAIM,10000000,10000000,10000000,10000000,10000000,10000000,10000000,10000000
